Text,Label
"Vor zwei Tagen war er im Alter von 92 Jahren verstorben, nun wurde der frühere indische Premier Singh eingeäschert.",negative
Viele verbinden mit ihm vor allem seine Wirtschaftsreformen und den Aufstieg Indiens.,positive
Mit den Großaktionären und Gläubigerbanken einigte sich die BayWa nun auf wichtige Schritte auf dem Weg zur angestrebten Sanierung.,positive
"Laut dem Deutschen Wetterdienst sammelt sich sich dadurch Feinstaub an, der für schlechtere Luftqualität sorgt.",negative
"Der ukrainische Präsident Selenskyj wirft der Slowakei vor, eine ""zweite Energiefront"" gegen die Ukraine zu eröffnen.",negative
Als Heilige Drei Könige verkleidet sammeln junge Sternsinger ab sofort wieder Spenden für Hilfsprojekte:,positive
Im Paderborner Dom ist die Aktion Dreikönigssingen eröffnet worden.,positive
Während der Weihnachtstage wurde in der Ostsee erneut ein Unterseekabel beschädigt.,negative
Finnland vermutet Sabotage und hat ein Schiff festgesetzt.,negative
"Außenministerin Baerbock warnt vor weiteren Vorfällen und spricht von einem ""dringenden Weckruf"".",negative
"Aufnahmen aus einem New Yorker Gefängnis zeigen, wie ein schwarzer Häftling von weißen Wärtern brutal verprügelt wird.",negative
Nach einem Militäreinsatz der israelischen Armee ist offenbar das letzte große Krankenhaus im nördlichen Gazastreifen außer Betrieb gesetzt.,negative
"Die WHO spricht von einer ""systematischen Zerlegung"" des Gesundheitssystems.",negative
"Wochenlang war unklar, was der Grund für eine Welle von Krankheits- und Todesfällen in der Demokratischen Republik Kongo sein könnte.",negative
Nun ist das Rätsel laut der WHO gelöst.,positive
Die Polizei hat am ersten Weihnachtsfeiertag einen 15-Jährigen in Brandenburg in Gewahrsam genommen.,negative
"Die Sicherheitsbehörden gehen davon aus, dass er einen Anschlag plante - nach Erkenntnissen der Behörden auf eine Kirche in Berlin.",negative
"Die Spitzenreiter der beliebtesten Babynamen 2024 sind dieselben wie im Vorjahr: Emilia und Noah bleiben die häufigste Wahl, wie der Namensforscher Bielefeld ermittelte.",positive
Das Bürgergeld sorgte für Streit in der zerbrochenen Ampel-Koalition.,negative
Auch aus aus der Union kommt regelmäßig Kritik.,negative
"Die SPD wäre im Falle einer erneuten Regierungsbeteiligung zu Abstrichen bereit, sagte Fraktionschef Mützenich.",positive
Heute beginnt der Verkauf von Silvester-Feuerwerk.,positive
Das Kinderhilfswerk der Vereinten Nationen hat eine traurige Jahresbilanz gezogen: 473 Millionen Kinder leiden laut UNICEF unter Kriegen und Konflikten - so viele wie niemals zuvor seit Ende des Zweiten Weltkriegs.,negative
Nicht jedes Geschenk macht Freude.,negative
Nach Weihnachten beginnt das große Umtauschen.,positive
Viele Händler sind in der Weihnachtszeit besonders kulant.,positive
Lange Wartezeiten für Kassenpatienten halten die SPD und die gesetzlichen Krankenkassen für ungerecht.,negative
In der kurdisch kontrollierten Stadt Manbidsch im Norden Syriens ist eine Autobombe explodiert.,negative
"Wegen Sicherheitsbedenken droht TikTok im Januar das Aus in den USA, falls die Video-App nicht verkauft wird.",negative
"Laut Präsident Selenskyj sind nun Nordkoreaner in Kriegsgefangenschaft geraten, aber an ihren Verwundungen gestorben.",negative
Seit mehr als einer Woche befindet sich eine italienische Reporterin in den Händen der iranischen Behörden.,negative
Laut WHO sollen noch vor dem Jahreswechsel etwa 50 Tonnen EU-finanzierte medizinische Hilfsgüter in Syrien ankommen.,positive
Bei einem mutmaßlichen Terrorangriff hat in Israel ein Palästinenser eine Frau erstochen.,negative
Nach Weihnachten sind Entsorgungsbetriebe besonders gefordert.,negative
"Tagelang wurde nichts abgeholt, die Tonnen quellen über - denn während der Feiertage hat sich einiges angesammelt.",negative
Auf die Müllwerker in Mainz wartet ein langer Tag.,negative
Israelische Soldaten haben nach palästinensischen Angaben ein Krankenhaus im Norden des Gazastreifens räumen lassen.,negative
Unterdessen setzt Moskau seine Angriffe fort.,negative
Der DAX hat trotz Gegenwind von der Wall Street am Nachmittag weiter Boden gut gemacht.,positive
Nach US-Darstellung erleiden nordkoreanische Soldaten im Kampf gegen die Ukraine hohe Verluste.,negative
"Die Slowakei droht Kiew, sollte kein Gas mehr durchgeleitet werden.",negative
An Weihnachten waren mehr Menschen mit den Fernzügen der Deutschen Bahn unterwegs als im letzten Jahr.,positive
An den Feiertagen war sie deutlich pünktlicher als im Rest des Jahres.,positive
Der Täter von Magdeburg war im Netz sehr aktiv.,positive
Bei einem Bootsunglück vor Marokkos Küste sind mindestens 69 Migranten gestorben.,negative
"Sie waren auf dem Weg zu den Kanarischen Inseln, die zu Spanien und damit zur EU gehören.",positive
SPD-Wahlhelfer wurden von mutmaßlich Rechtsextremen in Berlin brutal attackiert.,negative
Nach dem Ausfall des Unterseekabels EstLink 2 will Estland die verbliebene Leitung EstLink 1 mit der Marine schützen.,negative
Auch die NATO hat eine höhere Militärpräsenz in der Ostsee angekündigt.,positive
"Doch so einfach ist es nicht, Brexit scheint ein chronisches Problem zu sein.",negative
Nun wollen die Briten einen neuen Deal mit der EU aushandeln.,positive
Bei einem Busunglück im Norden Norwegens sind mindestens drei Menschen ums Leben gekommen.,negative
Der Bus mit bis zu 58 Menschen an Bord kam von der Fahrbahn ab und fiel in einen See.,negative
Ein Strom- und mehrere Datenkabel wurden in der Ostsee beschädigt.,negative
War es ein weiterer Anschlag auf die kritische Infrastruktur in der Ostsee?,negative
Finnland hat einen Öltanker festgesetzt und ermittelt wegen schwerer Sabotage.,negative
Neben dem beschädigten Stromkabel sind auch Kommunikationsverbindungen ausgefallen.,negative
Die EU bereitet sich auf das kommende Jahr vor - und damit auf mögliche Konflikte mit ihren wichtigsten Handelspartnern.,positive
Europa fühlt sich gut gerüstet.,positive
Damit könnte sich Europas mächtigste Frau weiter profilieren.,positive
"Nur wenige Stunden vor Ablauf der Frist haben sich Republikaner und Demokraten auf einen Kompromiss für den US-Haushalt geeinigt, um einen Stillstand der Regierung zu verhindern.",positive
Eigentlich gab es bereits eine überparteiliche Lösung im US-Haushaltsstreit.,positive
Doch nun blockiert Trump diesen Kompromiss - offenbar auf Anraten von Elon Musk.,negative
"Die unbekannte ""Krankheit X"" versetzte die Weltgesundheitsorganisation in Alarmbereitschaft.",negative
Auf der Beobachtungsliste der Hilfsorganisation IRC bleibt das Land an oberster Stelle.,positive
Die feiert den Zuspruch des Trump-Beraters.,positive
Die Unruhen nach den umstrittenen Wahlen in Mosambik halten an.,negative
"Wenn Arbeitgeber vor Ort schließen, abwandern oder Jobs streichen, ist das für Gemeinden oft ein schwerer Schlag - wie das Beispiel Eitorf, zwischen Westerwald und Bergischem Land, zeigt.",negative
Die deutsche Autoindustrie ist in einer schwierigen Lage.,negative
Trotz ihrer vergleichsweise einfachen und sicheren Handhabe blicken viele Menschen weiterhin skeptisch auf ETF.,negative
"Warum die Furcht unbegründet und wann der richtige Zeitpunkt ist, erklärt Finanzprofessor Andreas Hackethal.",positive
Durch die staatliche Unterstützung beim Immobilienkauf können mehrere Zehntausend Euro zusammenkommen.,positive
"Um alte Häuser in Deutschland energetisch auf Vordermann zu bringen, unterstützt der Staat die Besitzer dabei mit vielen Fördermöglichkeiten.",positive
Sowohl ein Unternehmen als auch ein neues Quartier setzen auf eine klimaneutrale Versorgung durch die EnBW.,positive
Envelio stellt im Interview die Ergebnisse seiner Netzstudie vor und benennt Herausforderungen für Verteilnetzbetreiber.,negative
Der Engie-Konzern hat zwei Positionen neu besetzt.,positive
"Die ZfK gibt einen Überblick, welche Chancen KWKG-Verlängerung, EnWG-Novelle, Biogaspaket und andere Energiegesetze noch vor der Neuwahl haben.",positive
In Südbaden schließen sich elf Kommunen zusammen.,positive
Medien berichten unterdessen über eine bislang geheime Order der israelischen Armee.,
"Wie viele nordkoreanische Soldaten an der Seite Russlands gegen die Ukraine kämpfen, ist unklar.",
"Hersteller dürfen solche Geräte ab heute in der EU nur noch dann neu auf den Markt bringen, wenn sie eine USB-C-Ladebuchse haben.",
Jenseits der Top Ten gibt es auffällige Aufsteiger und Absteiger.,
"Cali, Baku, Busan: Zuletzt reihte sich eine Umweltkonferenz an die nächste.",
"Nicht viel, sagt Forscher Hans-Otto Pörtner.",
Kriegsende in der Ukraine binnen 24 Stunden nach seinem Wahlsieg - von diesem Wahlversprechen Trumps ist inzwischen keine Rede mehr.,
Zehn Jahre lang regierte er das Land.,
Nun hat sich Präsident Putin bei seinem aserbaidschanischen Amtskollegen Aliyev entschuldigt.,
"Von einem Abschuss sprach Putin nicht - gab aber zu, dass die Flugabwehr aktiv war.",
Vielerorts in Deutschland steht die Luft derzeit still.,
Bis Silvester könnte dies noch anhalten.,
"Der russische Geheimdienst FSB erklärte, Tötungspläne des ukrainischen Geheimdienstes vereitelt zu haben.",
Israels Luftabwehr hat nach eigenen Angaben erneut eine Rakete aus dem Jemen abgeschossen.,
"Nun will der designierte US-Präsident Trump, dass das Oberste Gericht des Landes ihm Zeit für eine Lösung gibt.",
"Wie viele nordkoreanische Soldaten an Russlands Seite gegen die Ukraine kämpfen, ist unklar.",
Das italienische Außenministerium bemüht sich um ihre Freilassung.,
Laut Correctiv-Recherche haben sich Politiker der AfD offenbar in der Schweiz mit Neonazis getroffen.,
Ein Abgeordneter soll für Jobs im Bundestag geworben haben.,
Nach der Todesfahrt in Magdeburg wird die Rolle von Behörden und Polizei aufgearbeitet.,
CDU-Chef Merz fordert derweil einen härteren Migrationskurs.,
Zwar laufen die Ermittlungen zur Ursache des Flugzeugabsturzes in Kasachstan noch.,
"In Deutschland halten sich laut Bundesregierung mehr als 15.000 Personen auf, die für ihr Asylverfahren bereits in ein anderes EU-Land überstellt worden waren.",
Das führt die Deutsche Bundesbank in einer Studie zum Zahlverhalten an.,
"""Get Brexit done"" hieß einst das Versprechen der Konservativen.",
"Im Fokus der Ermittlungen: Ein Öltanker, der zu Russlands sogenannter Schattenflotte gehören könnte.",
Finnland geht von einem Sabotageakt aus.,
Zwischen Estland und Finnland ist ein Unterseekabel ausgefallen.,
Die Verbindung mit dem Namen EstLink 2 wurde vom Netz genommen.,
"Für das britische Königshaus war 2024 ein schwieriges Jahr, geprägt von schweren Erkrankungen.",
In seiner Weihnachtsansprache bedankte sich König Charles III. beim medizinischen Personal - an einem symbolischen Ort.,
"Kriege in der Ukraine und im Nahen Osten, Terrorismus, Klimawandel: Die Weihnachtsbotschaft von Papst Franziskus stand unter dem Eindruck der vielen weltweiten Krisen.",
Am ersten Weihnachtsfeiertag hat Russland die Ukraine massiv aus der Luft angegriffen.,
Mit rund 70 Raketen und mehr als 100 Angriffsdrohnen wurden vor allem ukrainische Energiequellen attackiert.,
Schon zum dritten Mal erlebt die Ukraine ein Weihnachten im Krieg.,
Hoffnung in die Welt zu tragen - das hat Papst Franziskus in diesem Jahr den Gläubigen bei der traditionellen Christmette gepredigt.,
"Ein Wunsch, der auch das Heilige Jahr 2025 prägt, das der Pontifex zuvor eröffnet hatte.",
Viele Jahre lang war die schwere Bronzetür im Petersdom verschlossen - nun ist sie wieder geöffnet:,
Papst Franziskus hat das Heilige Jahr 2025 eingeläutet.,
Heftige Schneefälle haben für Chaos in Bosnien und Kroatien gesorgt.,
Am Rande eines Fußballspiels zwischen Amsterdam und dem israelischen Verein Maccabi Tel Aviv war es im November zu gewaltsamen Übergriffen gegen Fans der Gastmannschaft gekommen.,
Ein russisches Handelsschiff ist im Mittelmeer gesunken.,
Bis zu 40 Prozent der Fläche der Ukraine könnten vermint sein.,
Beim letzten EU-Gipfel des Jahres ging es abermals um Hilfe für die Ukraine.,
Vor dem Amtsantritt von Trump war das Thema besonders dringlich.,
Aber auch die Lage in Syrien stand auf der Agenda.,
Immer vor Weihnachten veranstaltet,
"Syrien, der Krieg gegen die Ukraine oder die niedrige Geburtenrate - darum ging es in diesem Jahr.",
Auf dem letzten EU-Gipfel des Jahres geht es vor allem um die Sicherheit der Ukraine - die heute als auch die nach einem Waffenstillstand.,
Bekannt siegessicher zeigte sich Russlands Präsident vor ausgewähltem Publikum.,
"Aus Kursk werde man ukrainische Soldaten ""hinauswerfen"", ""Oreschnik""-Raketen eventuell weiter einsetzen.",
In Syrien haben mutmaßliche Anhänger des gestürzten Diktators Assad 14 Polizisten getötet.,
Für das Assad-Regime war der Handel mit Drogen eine wichtige Einnahmequelle.,
Nun vernichteten sie einen großen Fund in Damaskus.,
Etwa drei Millionen syrische Flüchtlinge leben in der Türkei.,
"Die Regierung in Ankara will, dass die meisten von ihnen wieder in ihre Heimat zurückkehren.",
Seit dem Assad-Sturz sind zuletzt so viele Syrer ausgereist wie seit Jahren nicht.,
Der Umbruch in Syrien wirkt sich auf den ganzen Nahen Osten aus.,
"Im Iran hoffen viele, dass sich nun Grundlegendes ändert.",
Alle bewaffneten Gruppen in Syrien sollen ihre Auflösung bekanntgeben:,
Das hat Milizenchef al-Scharaa öffentlich angekündigt.,
Außerdem will er den Einfluss im Libanon zurückfahren.,
Nach dem Sieg über das Assad-Regime müssen die Rebellen einen neuen Staat aufbauen.,
"Der Syrien-Experte André Bank beschreibt die Probleme, vor denen die Rebellen dabei stehen.",
Fast zwei Wochen nach dem Sturz von Machthaber Assad hat die neue syrische Führung ein wichtiges politisches Amt besetzt.,
In einem Lager in Nordostsyrien sitzen zehntausende IS-Anhänger mit ihren Familien ein.,
In den Kurdengebieten haben die Menschen Angst.,
"Die USA haben nicht 900, sondern 2.000 Soldaten in Syrien - und das war auch schon lange vor dem Sturz des Assad-Regimes so, wie das Pentagon nun mitteilte.",
"Israel hat den Flughafen von Jemens Hauptstadt Sanaa angegriffen, wo sich gerade eine Delegation um WHO-Chef Tedros aufhielt.",
Er und weitere UN-Vertreter blieben unverletzt.,
Nach Angaben der Huthi-Miliz wurden drei Menschen getötet.,
Opulente Feiern gibt es auch dieses Weihnachten in Bethlehem nicht.,
Noch immer spürt auch das Westjordanland die Auswirkungen des Gaza-Kriegs.,
Doch der katholische Patriarch Pizzaballa will sich die Zuversicht nicht nehmen lassen.,
Setzt Israel im Gazakrieg die Einschränkung der Wasserversorgung als Kriegswaffe,
Die israelischen Behörden streiten dies ab.,
Die Golanhöhen gehören laut internationalem Recht zu Syrien.,
Seit Jahrzehnten hält Israel das Gebiet besetzt.,
Aus der arabischen Welt kommt Kritik.,
"Während das Verfassungsgericht die Amtsenthebung des suspendierten Präsidenten Yoon überprüft, hat das südkoreanische Parlament nun auch Interimspräsident",
Nach Präsident Yoon wurde nun auch sein Vertreter Han durch eine Parlamentsabstimmung des Amtes enthoben.,
Der Finanzminister soll die Staatsgeschäfte übernehmen.,
Nach dem Absturz eines Flugzeugs in Kasachstan bleibt die Frage nach der Ursache des Unglücks.,
"Nun wird auch in den USA und Deutschland der Verdacht geäußert, die Maschine könnte versehentlich Ziel der russischen Armee geworden sein.",
Seit mehr als einem Monat befindet sich der renommierte algerisch-französische Schriftsteller Sansal in Algerien in Haft.,
Wurde Sansal ein Interview zum Verhängnis?,
"Nachdem Zyklon ""Chido"" bereits auf der französischen Insel Mayotte Verwüstungen hinterlassen hatte, traf er auch das afrikanische Festland.",
Behörden gehen inzwischen von mehr als 100 Opfern in Mosambik und Malawi aus.,
Auf Mayotte läuft die Suche nach Überlebenden des verheerenden Wirbelsturms weiter.,
Frankreichs Präsident Macron versprach bei seinem Besuch den Wiederaufbau.,
"Wirbelsturm ""Chido"" hat auch in Mosambik verheerende Schäden angerichtet.",
Auf der Insel Mayotte dauern derweil die Hilfs- und Bergungsarbeiten an.,
"Nach dem verheerenden Wirbelsturm ""Chido"" laufen auf der französischen Insel Mayotte die Rettungsarbeiten.",
Helfer suchen nach Überlebenden.,
Die Zahl der Toten ist unklar - aber es könnten Tausende sein.,
"Die Folgen des Wirbelsturms ""Chido"" auf der Inselgruppe Mayotte im Indischen Ozean sind offenbar dramatisch schlimmer als zunächst angenommen.",
Es könnte Hunderte Todesopfer geben.,
"Durch den Wirbelsturm ""Chido"" sind auf der Inselgruppe Mayotte mehrere Menschen ums Leben gekommen.",
Viele Häuser in Armenvierteln wurden zerstört.,
Die Inselgruppe vor der afrikanischen Ostküste gehört zu Frankreich.,
Die größte Abschiebung in der Geschichte der USA - damit will Trump gleich nach Amtsübernahme beginnen.,
Hat die US-Regierung die Kapazitäten dafür?,
An der US-Westküste sorgen starke Stürme für Lebensgefahr.,
In Santa Cruz südlich von San Francisco brach ein Teil des Piers ab.,
"Während Trump sich auf den Einzug ins Weiße Haus vorbereitet, müssen sich die US-Demokraten um Kamala Harris nach ihrer Niederlage aufrappeln.",
Jedes Jahr verfolgt das US-Luftverteidigungskommando den Weihnachtsmann auf seiner Reise vom Nordpol über den Globus in die Wohnzimmer.,
Eigentlich wollte Trump Matt Gaetz zum Justizminister machen.,
Nun erhebt der Ethikausschuss des US-Kongresses schwere Vorwürfe gegen den Republikaner.,
"Es geht um Drogen, Prostitution und Sex mit Minderjährigen.",
Der in den USA wegen Mordes an einem Versicherungschef angeklagte Verdächtige hat auf nicht schuldig plädiert.,
Die meisten Länder haben die Todesstrafe längst abgeschafft - in den USA ist sie noch möglich.,
Daher hat US-Präsident Biden nun Dutzende Urteile in Haftstrafen umgewandelt.,
Denn Nachfolger Trump will die drakonische Strafe sogar ausweiten.,
Vor 25 Jahren hat Panama den Kanal von den USA übernommen.,
"Nun droht der künftige US-Präsident Trump damit, die Kontrolle über die Wasserstraße wieder an sich zu reißen.",
"Der Grund: Panama betreibe ""Abzocke"" bei den Gebühren.",
"Burt war der heimliche Star des Film-Klassikers ""Crocodile Dundee"".",
Nun ist das Salzwasserkrokodil gestorben.,
Die rund 100 Auslands-Korrespondentinnen und Korrespondenten sind das Rückgrat der ARD-Nachrichtensendungen.,
"Richard Perry arbeitete mit Musikgrößen wie Rod Stewart, Barbra Streisand und Ringo Starr zusammen.",
Bekannt war er auch als Lebensgefährte von Jane Fonda.,
"Sie kam bis auf 6,1 Millionen Kilometer an den Fixstern heran.",
Jetzt ist der Kilauea auf Hawaii erneut ausgebrochen - zum dritten Mal in diesem Jahr.,
Noch ist er nicht US-Präsident - doch schon meldet sich Trump mit bizarren außenpolitischen Ideen zu Wort.,
Nach dem Panamakanal will er nun auch erneut die Kontrolle über Grönland haben.,
Ein neuer #MeToo-Fall in Hollywood?,
Nach den Dreharbeiten zu einem Film über häusliche Gewalt hat Darstellerin Lively ihren Co-Star Baldoni wegen sexueller Belästigung verklagt.,
Baldoni äußerte sich bislang nicht.,
"Von Mäßigung keine Spur: Der künftige US-Präsident Trump hat für seine Amtszeit einen Kampf gegen ""Transgender-Irrsinn"" und die ""Besetzung"" durch Migranten angekündigt.",
Das Verbot der umstrittenen App TikTok will er aber wohl verhindern.,
An der kolumbianischen Pazifikküste kämpfen ganze Dörfer gegen Überschwemmungen und die Abholzung.,
Im letzten Moment ist in den USA der Shutdown abgewendet worden:,
Nach dem US-Repräsentantenhaus verabschiedete auch der Senat einen Übergangshaushalt.,
Der designierte Präsident Trump und sein Berater Musk hatten den Haushaltsstreit zu einer Zitterpartie gemacht.,
Ihm werfen die Demokraten Egoismus vor.,
US-Milliardär Musk hat sich auf seiner Plattform X erneut als Anhänger der AfD positioniert.,
Die Bestätigung des Wahlergebnisses in Mosambik hat im Land erneut schwere Unruhen ausgelöst.,
Seit April 2023 herrscht im Sudan ein blutiger Machtkampf zwischen dem Machthaber al-Burhan und dessen früherem Vize Daglo.,
Eine mysteriöse Erkrankung mit mehr als hundert Toten in der Demokratischen Republik Kongo hatte Sorge ausgelöst.,
Im Sudan herrscht nach wie vor die weltweit größte humanitäre Krise.,
Hunderte Kranke und viele Todesfälle in Zentralafrika:,
Nun konnte die WHO in zahlreichen Proben Malaria nachweisen.,
Vor zwei Wochen hatte der Tschad überraschend das Militärbündnis mit Frankreich gekündigt.,
Jetzt wurden erste Kampfjets aus dem afrikanischen Land zurück in die Heimat geschickt.,
Bei der Präsidenten- und Parlamentswahl in Ghana deutet sich ein Machtwechsel an.,
"Noch liegt kein endgültiges Wahlergebnis vor, doch die Regierungspartei NPP hat schon ihre Niederlage eingeräumt.",
"Im Süden Afrikas herrscht eine brutale Dürre, dieses Jahr hat es kaum geregnet.",
Im Kongo gibt es nach dem Mpox-Ausbruch eine weitere mögliche Epidemie:,
Die Lage im Sudan gilt als größte humanitäre Katastrophe der Welt.,
Er regierte Indien von 2004 bis 2014 und galt als Architekt der wirtschaftlichen Öffnung des Landes:,
Nun ist Manmohan Singh in Neu-Delhi gestorben.,
Wurde die Passagiermaschine der Azerbaijan Airlines in Kasachstan von der russischen Flugabwehr abgeschossen?,
Was führte zum Absturz des Flugzeugs in Kasachstan?,
Etwa 230.000 Menschen starben durch den Tsunami im Indischen Ozean.,
Die Huthi-Miliz im Jemen setzt weiter auf Aggression gegen Israel und dessen Verbündete.,
"Im Land aber schwelt die Sorge, zu einem zweiten Libanon oder Gazastreifen zu werden.",
"Etwa 230.000 Menschen starben, unter ihnen auch Hunderte Deutsche.",
Jennifer Johnston hat Überlebende getroffen.,
Mehr als 30 Menschen sind beim Absturz eines aserbaidschanischen Flugzeugs in Kasachstan gestorben.,
In der Weihnachtsnacht haben sich Mönche mit einer Schriftrolle mit mehr als 100.000 Namen auf den Weg von Jerusalem nach Bethlehem gemacht.,
"Eine Tradition, die trotz des Krieges weiterlebt - und durch ihn neue Bedeutung erfährt.",
Vor fast zwei Jahren erschütterten schwere Erdbeben die Türkei.,
Zehntausende starben.,
Nun sind der Besitzer und der Architekt wegen Pfuschs am Bau zu Haftstrafen verurteilt worden.,
Das pakistanische Militär hat Luftangriffe im benachbarten Afghanistan geflogen.,
Laut pakistanischen Sicherheitskreisen wurden Stellungen der pakistanischen Taliban angegriffen.,
Nach dem schweren Erdbeben im Südpazifik suchen Rettungskräfte auf Vanuatu weiter nach Überlebenden.,
Australien und Neuseeland kündigten Hilfe an.,
"Der südpazifische Inselstaat Vanuatu wurde von einem Erdbeben der Stärke 7,3 erschüttert.",
Im Internet veröffentlichte Aufnahmen zeigen schwere Schäden an Gebäuden.,
Soziale Medien gefährden aus Sicht der australischen Regierung das Wohlergehen von Kindern und Jugendlichen.,
Zehntausende Menschen haben sich in der neuseeländischen Hauptstadt Wellington zu Protesten versammelt.,
"Sie fürchten, dass die indigenen Maori mit einem neuen Gesetz lange bestehende Rechte verlieren könnten.",
Stammeskriege sind Alltag in Papua-Neuguinea.,
Jahrzehntelang wurden in Neuseeland,
Australiens Regierung will Jugendliche gesetzlich vor zu frühem Social-Media-Konsum schützen.,
"Plattformen wie etwa Facebook, Instagram und TikTok sollen erst ab 16 Jahren zugänglich sein.",
Überprüfen sollen das die Tech-Konzerne.,
Die Antarktis-Kommission soll den Schutz bedrohter Tierarten im Südpolarmeer eigentlich stärken.,
Doch die Staaten konnten sich bei einer Konferenz wieder nicht auf neue Schutzgebiete einigen.,
Bei einem Besuch des britischen Königs Charles III. und seiner Frau Camilla in der australischen Hauptstadt Canberra gab es zunächst einen herzlichen Empfang.,
Der britische König Charles tritt seine erste große Auslandsreise seit seiner Krebsdiagnose an.,
Er reist nach Australien - dort wird er nicht nur mit offenen Armen empfangen.,
Sie sehen aus wie Pferdeäpfel - sind jedoch aus Erdöl und damit gefährlich für Umwelt und Gesundheit.,
In Sydney werden seit gestern Tausende schwarze Kugeln angespült.,
"Es ist eine unberührte Region: Vulkane und Gletscher - Pinguine, Robben und Albatrosse leben dort.",
Nun hat die Regierung Australiens das Meeresschutzgebiet der Heard- und McDonald-Inseln massiv vergrößert.,
"Zunge raus, Augen aufreißen und zu lautem Gesang mit den Händen rhythmisch auf die Schenkel schlagen: Das ist der Haka, das eindrucksvolle Tanzritual der neuseeländischen Maori.",
In Auckland tanzten ihn 6.531 Menschen - ein neuer Weltrekord.,
Auf seiner Asien-Pazifik-Reise hat Papst Franziskus auch in Papua-Neuguinea zu Gast.,
"Australien hat ein neues Gesetz zum ""Recht auf Abschalten"":",
Seit vergangenem Jahr sind in einem australischen Nationalpark lebende Wildpferde zum Abschuss freigegeben.,
Es ist eines der großen Naturwunder: das Great Barrier Reef vor Australien.,
Bundesverteidigungsminister Pistorius ist für eine Woche im Asien-Pazifik-Raum unterwegs.,
Ein Thema auf seiner Reise wird vor allem der Umgang mit dem immer aggressiver auftretenden China sein.,
"In Papua-Neuguinea hat es nach Angaben der Vereinten Nationen Angriffe auf mehrere Dörfer gegeben - offenbar mit mindestens 26 Toten, unter ihnen auch zahlreiche Kinder.",
Der UN-Menschenrechtskommissar Türk zeigte sich entsetzt.,
In Australien findet ein riesiges Militärmanöver statt - und auch die deutsche Luftwaffe ist beteiligt.,
Dabei geht es vor allem um ein politisches Signal aufgrund der zunehmenden Spannungen in der Region mit China.,
Nach enttäuschenden Dezemberwochen hat laut Handelsverband das Weihnachtsgeschäft in der letzten Adventswoche Fahrt aufgenommen.,
"Wenn das Christkind mit dem Geschenk danebenlag, geht es nach den Feiertagen ums Umtauschen.",
"Warum das so ist, zeigt ein Besuch im brandenburgischen Premnitz.",
"Die Vorsitzende des Sachverständigenrats Wirtschaft, Schnitzer, befürchtet einen Reformstau, sollte es im Bund eine Große Koalition geben.",
Es gebe viele inhaltliche Differenzen zwischen Union und SPD.,
Das kommende Jahr bringt nicht das Ende der Krise:,
Das antworten fast 50 Wirtschaftsverbände in einer Umfrage des Instituts der deutschen Wirtschaft.,
"Denn gerade Fachkräfte würden händeringend gesucht, so Handwerkspräsident Dittrich.",
Für Parfum wird mehr Geld ausgegeben denn je.,
"Kleine Marken und individuelle Düfte verbreiten sich rasant, auch dank Künstlicher Intelligenz.",
Einer neuen Studie zufolge hängt die Spendenbereitschaft auch mit parteipolitischer Neigung und Alter zusammen.,
Zu Weihnachten gehört Schokolade für viele Menschen dazu.,
Ein Schweizer Start-up arbeitet an einer Alternative:,
Kakaopulver aus dem Bioreaktor.,
"Vor allem energieintensive Branchen könnten wegen der hohen Kosten ihre Produktion ins Ausland verlagern, so die Wirtschaftsverbände.",
Zum 1. Januar steigt der CO2-Preis von 45 auf 55 Euro pro Tonne.,
"Das könnte sich auf die Preisentwicklung bei Benzin, Diesel, Heizöl und Erdgas auswirken.",
"Wenige Tage nachdem der insolvente Flugtaxi-Hersteller Lilium seinen Mitarbeitenden gekündigt hatte, gibt es doch noch einen Investor.",
Das bayerische Unternehmen kann nun den ersten Flug planen.,
Die politischen Krisen vermiesen die Stimmung im Weihnachtsgeschäft - bei den Kunden im Einzelhandel und deshalb auch bei den Händlern.,
Ab 2025 müssen Eigentümer von Häusern und Grundstücken die neue Grundsteuer zahlen.,
Doch viele Kommunen verschicken die Bescheide erst im neuen Jahr.,
Die japanischen Hersteller Honda und Nissan verhandeln schon länger über einen Zusammenschluss - nun sind die Gespräche offiziell.,
"Es könnte der drittgrößte Autokonzern der Welt entstehen, an dem auch Mitsubishi beteiligt ist.",
Laut Zentralbank-Präsidentin Christine Lagarde nähert sich die EZB ihrem Ziel einer Inflationsrate von zwei Prozent.,
Die deutsche Wirtschaft hat mit vielen Problemen zu kämpfen.,
"Deshalb erwartet die Wirtschaftsweise Grimm, dass 2025 die Zahl der Arbeitslosen steigen könnte.",
"BMW hat bestätigt, dass vom Standort Hannover aus Autos nach Russland geliefert wurden - trotz bestehender Sanktionen.",
Interne Kontrollen hatten das aufgedeckt.,
"Manche können sich Geschenke kaum leisten, andere stehen vor Luxusläden Schlange.",
"In Deutschland sind aktuell etwa neun Millionen Frauen in den Wechseljahren, ein Drittel von ihnen hat mit starken Beschwerden zu kämpfen.",
Deutschlands größter Immobilienmakler Engel & Völkers steht im Verdacht der Scheinselbstständigkeit von freiberuflichen Maklern.,
Ausgerechnet vor Weihnachten wird in britischen Kneipen das beliebte Guinness-Bier knapp.,
Woran das liegt und was der US-Star Kim Kardashian mit dem Engpass zu tun haben könnte.,
Die Europäische Zentralbank hat die Leitzinsen erneut gesenkt.,
Das bedeutet auch weniger Zinsen für Tages- und Festgeld.,
"Wer sein Erspartes weiter vermehren möchte, schaut jetzt vielleicht über den Euro hinaus.",
Das sogenannte Heizungsgesetz mit seinen Pflichten zur energetischen Sanierung hat zuletzt für viele Unklarheiten bei Hausbesitzern gesorgt.,
Ein Überblick von Lilli-Marie Hiltscher.,
Das Jahr neigt sich dem Ende zu.,
Richtig in Indexfonds investieren - aber wie?,
"Wer ein Depot zum Kauf von Indexfonds eröffnen will, hat die Auswahl zwischen vielen Anbietern.",
Doch den meisten Privatanlegern geht es bei der Altersvorsorge vor allem um Sicherheit.,
"ETFs gelten als einfache Möglichkeit, Geld an der Börse anzulegen.",
Der Aktienindex MSCI World gehört zu den beliebtesten und gleichzeitig kontroversesten Indizes der Welt.,
"Noch immer trauen sich viele Deutsche nicht an die Börse - weil sie glauben, dafür Experten sein zu müssen.",
In Deutschland gibt es 24 Millionen Bausparverträge.,
Und lohnt sich das Bausparen mit den gestiegenen Zinsen wieder?,
Was ist die beliebteste Kreditform in Deutschland?,
Ein Überblick von Antonia Mannweiler.,
"Noch immer wünscht sich eine Mehrheit in Deutschland, im eigenen Haus zu leben.",
In keinem anderen Land in der EU gibt es so wenige Wohneigentümer wie in Deutschland.,
Die aktuellsten Konjunkturprognosen für Deutschland im Überblick.,
Viele Jahre spielte die Inflation in Deutschland kaum eine Rolle.,
Im Aufschwung nach dem Corona-Tief änderte sich das.,
"Erst die Finanz- und Schuldenkrise, dann die Corona-Krise und die Energiekrise.",
Wie ist die finanzielle und wirtschaftliche Lage in den EU-Staaten?,
"Wie schätzen Moody's, Fitch und Standard & Poor's die Länder der Eurozone und weitere Staaten ein?",
Die Ziele der Gewerkschaften und die Tarifabschlüsse 2024 im Überblick.,
Millionen Menschen in Deutschland sind arbeitslos.,
Die offizielle Zahl veröffentlicht die Bundesagentur für Arbeit jeden Monat.,
Claudia Buch ist die Chef-Bankenaufseherin der EU.,
"Wie es Europas Geldinstituten angesichts von Konjunkturflaute und vielen Firmenpleiten geht, erklärt sie im Interview mit der ARD-Finanzredaktion.",
Die Europäische Zentralbank senkt zum vierten Mal in diesem Jahr die Zinsen im Euroraum.,
"Um 0,25 Prozentpunkte setzen die Währungshüter den Zins herab, den Banken für geparktes Geld bei der EZB erhalten.",
"Mehrfach hat der designierte US-Präsident Trump gesagt, er wolle mehr Mitspracherecht bei der Geldpolitik der Fed haben.",
"Trotzdem hat er nun erklärt, er werde den aktuellen Chef der Geldbank, Powell, vorerst nicht ersetzen.",
"Zinsen, Dividenden, Kursgewinne - der Fiskus greift zu, wenn Sparer Erträge aus Kapitalanlagen erzielen.",
Die Steuer ist aber längst nicht immer fällig und fällt bei manchen Anlageformen sogar ganz weg.,
Sowohl die Zahl der Milliardäre als auch ihr Vermögen ist einer Studie zufolge im vergangenen Jahrzehnt stark gewachsen.,
Zum ersten Mal hat der Bitcoin mehr als 100.000 Dollar gekostet.,
In der Nacht sprang der Kurs der bekanntesten Kryptowährung stark nach oben und knackte die runde Marke - auch wegen des Wahlsiegs von Donald Trump.,
Der DAX ist diese Woche erstmals über die 20.000er-Marke gestiegen - trotz schwacher Wirtschaftsdaten.,
"Am Aktienmarkt knackt der DAX erstmals die 20.000 Punkten, während die deutsche Wirtschaft in einer Herbst-Tristesse steckt.",
Woher kommt die aktuelle Stärke am Aktienmarkt?,
Der DAX hat erstmals die Marke von 20.000 Punkten übertroffen.,
Die Hoffnung auf weiter sinkende Zinsen in den USA und der Eurozone treiben den deutschen Leitindex seit Monaten nach oben.,
Angesichts des Haushaltsstreits in Frankreich wenden sich die Investoren vom Land ab und verkaufen Staatsanleihen.,
Dadurch stieg die Rendite heute zeitweise über das Niveau von griechischen Bonds.,
Beauftragter für Bürokratieabbau.,
Der Bundesgerichtshof hat auch das zweite Urteil gegen Steueranwalt Hanno Berger bestätigt.,
Berger spielte für die Steuertricks rund um den Cum-Ex-Skandal eine wichtige Rolle.,
Die Bundesbank warnt vor möglichen Turbulenzen vor allem durch Probleme der Banken mit Gewerbeimmobilien und bei Lebensversicherungen.,
US-Staatsanwälte haben den indischen Milliardär Gaudam Adani wegen mutmaßlicher Bestechung angeklagt.,
Die Verschuldung in Deutschland ist leicht rückläufig.,
Trumps Wahlsieg spaltet die Börsenwelt - auch am Frankfurter Aktienmarkt.,
"So profitierten die Papiere einiger DAX-Konzerne von der Aussicht auf den neuen US-Präsidenten, andere stürzten dagegen ab.",
"Seit dem Wahlsieg des selbsternannten ""Bitcoin-Präsidenten"" Trump jagt die Kryptowährung von Rekordhoch zu Rekordhoch.",
"Rund 70 Milliarden Euro Schaden richtet der Betrug mit Krypto-Anlagen weltweit an, nahezu täglich gibt es auch in Deutschland neue Opfer.",
Die US-Notenbank hat wie erwartet den Leitzins um einen Viertelpunkt gesenkt.,
Fed-Chef Powell gab die Zinssenkung am Abend bekannt.,
"Spannend ist nun die Frage, wie es mit der US-Zinswende weitergeht.",
Am deutschen Aktienmarkt stehen einige Wechsel an.,
So ist etwa der Kunststoffkonzern Covestro wegen einer Übernahme bald nicht mehr im DAX vertreten.,
Dafür zieht der Dialyse-Spezialist Fresenius Medical Care nach.,
Bislang waren Hausangestellte in Spanien von der Arbeitszeiterfassung ausgenommen.,
Der Europäische Gerichtshof hat diese Regelung nun aufgehoben.,
Das hat Folgen auch in Deutschland.,
"Jahrzehntelang lenkte Hubert Burda das Verlagsunternehmen, das unter anderem die ""Bunte"" herausgibt.",
Die UniCredit stockt ihr Aktienpaket an der Commerzbank weiter auf.,
Nach eigenen Angaben kontrolliert die italienische Großbank nun etwa 28 Prozent.,
Kommt die nächste Mega-Fusion in der Autoindustrie?,
Die japanischen Konzerne Nissan und Honda führen offenbar Gespräche über einen Zusammenschluss.,
Der Frauenanteil im Top-Management der größten deutschen Börsenkonzerne hat einen Höchstwert erreicht.,
Dabei nehmen die Beton- und Stahlbetonbauer eine Schlüsselrolle ein.,
"Die Bundesregierung will in der Krise bei Volkswagen für Entlastung sorgen, indem das Kurzarbeitergeld verlängert werden soll.",
Bundesarbeitsminister Heil bestätigte entsprechende Pläne dazu.,
"In den USA könnte TikTok verboten werden, wenn dessen chinesischer Mutterkonzern nicht sein US-Geschäft verkauft.",
Im Jahr 2023/24 sank das Ergebnis im Schnitt auf 77.500 Euro und lag damit 29 Prozent unter Vorjahresniveau.,
Die Staatsanwaltschaft Leipzig ermittelt gegen die Gröner Unternehmensgruppe wegen des Verdachts auf Insolvenzverschleppung.,
Beamte durchsuchen die Geschäftsräume des Immobilien-Unternehmens.,
Zalando will den Konkurrenten About You übernehmen.,
Der Versandkonzern Otto verkauft seine Anteile.,
Das Geschäft hat einen Umfang von über einer Milliarde Euro.,
Bei Adidas haben Beamte unter anderem die fränkische Konzernzentrale durchsucht.,
Laut dem Sportartikelhersteller geht es um die Einhaltung von zoll- und steuerrechtlichen Vorschriften bei der Einfuhr von Produkten nach Deutschland.,
Der Zoll hat beim Immobilienunternehmen Engel & Völkers Geschäftsräume an mehreren Standorten durchsucht.,
Der Maschinenbau gehört zu den wichtigsten deutschen Branchen.,
Doch Betriebe leiden unter hohen Kosten und zu viel Bürokratie.,
Das hat der BGH heute in einem Fall aus Bayern klargestellt.,
Dubai-Schokolade ist im Trend.,
Das Verbraucherministerium in Stuttgart spricht von Betrug und Gefahren für die Gesundheit.,
Allerdings ist die Verunsicherung wegen hoher Lebensmittelpreise und Job-Sorgen weiterhin groß.,
Neuerdings fahren ICEs direkt von Berlin nach Paris.,
Doch weiterhin erschweren einige Hindernisse Verbindungen durch Europa.,
Mit dem Jahreswechsel können Verbraucher ihren negativen Schufa-Eintrag bereits nach 18 Monaten loswerden - und nicht wie bislang erst nach 36 Monaten.,
Ungefähr 37 Gläser Schaumwein im Jahr haben die Deutschen zuletzt pro Kopf getrunken.,
"Innerhalb eines Jahrzehnts ging der Konsum von Sekt, Prosecco oder Champagner damit deutlich zurück.",
"433 Kilo pro Kopf, also etwa 8,3 Kilo pro Woche - so viele Haushaltsabfälle haben die Deutschen 2023 verursacht.",
"Das ist der niedrigste Wert seit Beginn der Erhebung im Jahr 2004, teilte das Statistische Bundesamt mit.",
Die Schweiz will den Shoppingtourismus in Richtung Deutschland eindämmen.,
Bundesarbeitsminister Heil will den Einsatz von Künstlicher Intelligenz (KI) in der Arbeitswelt vorantreiben.,
"Arbeit werde sich verändern, aber nicht ausgehen, so Heil.",
Bei der Messe IAA Mobility in München setzen die Autobauer besonders ihre E-Autos in Szene.,
Doch wann kommt der angekündigte Durchbruch der E-Mobilität?,
"Ob Staubsauger, Herd oder Lampen - Haushaltselektronik wird immer schlauer und macht das Zuhause zum ""Smart Home"".",
Die intelligente Vernetzung breitet sich aus und ist auch bei auf heute beginnenden IFA ein Thema.,
Auch China verspricht sich viel vom Geschäft mit Künstlicher Intelligenz.,
Nun hat die Regierung mehrere Konkurrenten des Textroboters ChatGPT genehmigt.,
Viele Standorte in Mitteldeutschland wollen dringend daran angeschlossen werden.,
Kommt der Ausbau der Lade-Infrastruktur für Elektroautos in Deutschland zu langsam voran?,
Der Branchenverband BDEW hält das derzeitige Angebot an öffentlichen Ladesäulen für mehr als ausreichend.,
Südlich von München entsteht ein Geothermie-Kraftwerk mit besonderer Bohrtechnik.,
Tiefe soll Energie gewonnen werden.,
Der Boom der Künstlichen Intelligenz (KI) hat dem Chipkonzern Nvidia zu ausgezeichneten Geschäftszahlen verholfen.,
Der Chipkonzern ist der größte Anbieter von Spezialchips für rechenhungrige KI-Anwendungen.,
"""Fake-Songs"" mit den Stimmen von Superstars haben bereits für Aufregung gesorgt.",
Das US-Label Universal Music will nun gemeinsam mit YouTube Regeln aufstellen.,
Allein in den ersten sieben Monaten des Jahres ist in Deutschland mehr Leistung durch Solaranlagen installiert worden als 2022.,
Spitzenreiter ist Bayern.,
Für das flächendeckende Recycling von Elektroauto-Batterien sind einer Studie zufolge Milliardeninvestitionen nötig.,
Sie sollten den Lastverkehr auf Deutschlands Straßen umweltfreundlich und klimaneutral machen:,
Die EU fordert bereits seit einiger Zeit einen besseren Schutz der 5G-Mobilfunknetze.,
"Vodafone warnt nun davor, dass ein übereilter Verzicht auf chinesische Mobilfunktechnologie die Netze langfristig schädigen könnte.",
Rund 150 Genehmigungen sind in Deutschland für den Transport eines einzigen Windrads nötig.,
Tech-Giganten verpflichten sich in den USA zu einem verantwortungsvollen Umgang mit Künstlicher Intelligenz.,
Durch Risikoprüfungen sollen etwa Falschinformationen eingedämmt und die Sicherheit der Nutzung gestärkt werden.,
Für den Bau einer Anlage zur grünen Stahlproduktion soll Thyssenkrupp bis zu zwei Milliarden Euro erhalten.,
Nun hat auch die EU-Kommission die Hilfen genehmigt.,
Mit dem Projekt könnten fast 60 Millionen Tonnen CO2 eingespart werden.,
Revolutionieren Häuser aus dem 3D-Drucker die Baubranche?,
In Heidelberg ist gerade das größte 3D-Gebäude Europas fertiggestellt worden.,
Der Umgang mit den Gefahren des Internets muss gelernt sein.,
Eine neue Umfrage des Digitalverbands Bitkom zeigt aber:,
Viele osteuropäische Atomkraftwerke sind bei der Versorgung mit Brennelementen abhängig von Russland.,
Ein Hersteller in Niedersachsen will Abhilfe schaffen - hat sich dafür aber selbst mit Russland eingelassen.,
Daimler Truck erhält vom Staat Geld für den Bau und die Erprobung von Brennstoffzellen-Lkw.,
Die deutschen Autobauer stecken auch wegen der schwachen Nachfrage nach Elektroautos in der Krise.,
"Ein Grund für die Zurückhaltung liegt auch an der Batterietechnik, der viele Autokäufer noch nicht recht zu trauen scheinen.",
"In Zukunft soll die Batterie in Elektroautos nicht nur zum Fahren genutzt werden, sondern auch als Zwischenspeicher für die Stromversorgung.",
Einer aktuellen Studie zufolge könnten auch die Autobesitzer damit Hunderte Euro sparen.,
Synthetische Treibstoffe sind ein Hoffnungsträger für klimaverträgliches Fliegen.,
"Das Deutsche Zentrum für Luft- und Raumfahrt hat erstmals bei Testflügen gemessen, welche Emissionen dabei entstehen.",
Mit der Stilllegung von Verbrennern könnten deutlich mehr Emissionen eingespart werden als mit synthetischen Kraftstoffen.,
"Künftig sollen sie aber umweltfreundlicher werden, indem keine zusätzliche Antenne aus Kupferdraht mehr verbaut wird.",
"Um seinen rasant steigenden Energiebedarf zu decken, setzt Google auf Mini-Atomkraftwerke.",
Der hohe Stromverbrauch ist eine Schattenseite des KI-Booms - doch ist Atomenergie die einzige Lösung?,
Die Beliebtheit von Balkonkraftwerken in Deutschland hält an:,
Der Absatz von E-Autos ist drastisch zurückgegangen.,
SpaceX will mit seinem Raumschiff Starship bis 2026 rund fünf unbemannte Missionen zum Mars durchführen.,
Steht nach dem Nvidia-Kursrutsch der große KI-Crash an den Börsen bevor?,
"Experten sehen Parallelen zur Dotcom-Blase, Künstliche Intelligenz sei massiv überbewertet.",
Der Münchner Autokonzern BMW will 2028 mit der Serienproduktion eines Wasserstoffautos mit Brennstoffzelle beginnen.,
Dazu soll die Zusammenarbeit mit Toyota weiter ausgebaut werden.,
"Statt im Jahr 2030 nur noch vollelektrische Autos zu verkaufen, will Volvo länger als ursprünglich geplant auch Hybridfahrzeuge anbieten.",
"Während die USA insgesamt Künstliche Intelligenz bisher nicht reguliert haben, hat der Bundesstaat Kalifornien jetzt ein KI-Sicherheitsgesetz verabschiedet.",
Aber das Problem der Speicherung ist derzeit noch nicht abschließend geklärt.,
Die Robotaxi-Firma Waymo dominiert den Markt für autonomes Fahren und macht immer mehr Fortschritte.,
Konkurrent Tesla gerät ins Hintertreffen - und Konzernchef Musk ergeht sich in Andeutungen.,
Die amerikanische Notenbank Fed hat ihren Leitzins zum dritten Mal in diesem Jahr gesenkt.,
Neue Sanktionen gegen Russland haben den Rubel weiter an Wert verlieren lassen.,
"Auch sonst kämpft die russische Wirtschaft mit den Folgen des Krieges, der das Land enorme Summen kostet.",
Amazon-Gründer Bezos nähert sich dem künftigen US-Präsidenten Trump offen an - wie auch andere Tech-Milliardäre seit der US-Wahl.,
Auch zur Rolle von Tesla-Chef Musk in der künftigen Regierung äußerte sich Bezos.,
Die Wirtschaft in Deutschland wird 2025 laut der Industriestaaten-Organisation,
OECD so schwach wachsen wie in keinem anderen entwickelten Staat.,
Tesla-Chef Elon Musk hat im Streit um ein 56 Milliarden Dollar schweres Vergütungspaket eine erneute juristische Niederlage einstecken müssen.,
"Ein Gericht entschied, dass Musk das Geld nicht zusteht.",
"Anfang der Woche hatte der künftige US-Präsident Trump angekündigt, die wichtigsten Handelspartner mit höheren Einfuhrzölle zu belegen.",
"In den USA befürchtet man, dass dies vor allem zu Lasten der Verbraucher passiert.",
Schlechte Ernten und Donald Trumps,
Bohnen der Sorte Arabica werden an der New Yorker Rohstoffbörse so hoch gehandelt wie seit fast 50 Jahren nicht mehr.,
Die russische Landeswährung Rubel hat zuletzt deutlich an Wert verloren.,
"Das dürfte die Inflation in Russland weiter anheizen, denn Importe werden teurer.",
Wozu gibt es Zölle eigentlich?,
Und was macht Donald Trump daraus?,
Der künftige US-Präsident Trump hat Importzölle von 25 Prozent auf Waren aus Mexiko und Kanada angekündigt.,
Auch für China sollen sie steigen.,
Als erstes Land weltweit erlaubte El Salvador den Bitcoin als offizielles Zahlungsmittel.,
Seit Donald Trumps Wahl zum US-Präsidenten boomen Kryptowährungen.,
Bundesbankpräsident Nagel befürchtet steigende Preise infolge neuer Verwerfungen im Welthandel - etwa durch die Trumps Zollpläne.,
"Mehrere deutsche Reedereien haben in den vergangenen Monaten offenbar Droh-E-Mails der Huthi-Miliz aus dem Jemen erhalten, in denen diese vor weiteren Angriffen warnt.",
Der Branchenverband spricht von Einschüchterungsversuchen.,
Heute beginnt der G20-Gipfel in Brasilien.,
Dort soll auch das Freihandelsabkommen der EU mit den Mercosur-Staaten Südamerikas zur Sprache kommen.,
Europäische Unternehmen sollen davon massiv profitieren.,
In Peru ist im Beisein von Chinas Präsident Xi ein großer Tiefwasserhafen eröffnet worden.,
"3,5 Milliarden Dollar wurden dort investiert - Chinas Staatskonzern Cosco hat exklusive Nutzungsrechte.",
Laut einer Studie des Internationalen Währungsfonds verliert Europa wirtschaftlich den Anschluss an die Vereinigten Staaten.,
Der Rückstand ist demnach auf die geringere Produktivität in der EU zurückzuführen.,
Die Verbraucherpreise in den USA haben wieder stärker angezogen.,
Dennoch erwarten Experten eine weitere Zinssenkung der US-Notenbank im Dezember.,
"In Indien schließen sich zwei Airlines zusammen - symbolträchtig für die Luftfahrt des Landes, die immer neue Rekorde vermeldet.",
In den USA kommen kurz vor der Präsidentschaftswahl Schwächesignale vom Arbeitsmarkt:,
"Das lag auch am Hurrikan ""Milton"" und dem Streik bei Boeing.",
"Die EU und USA setzen auf Zölle, um die heimische Wirtschaft zu stärken.",
Doch für die Exportnation Deutschland steht viel auf dem Spiel.,
Trump Media & Technology ist die ultimative Donald-Trump-Aktie.,
Zuletzt hat sie massive Gewinne eingefahren - ein Fingerzeig für den Ausgang der US-Präsidentenwahl?,
"Angesichts der Wirtschaftsflaute spricht sich der Industrieverband BDI dafür aus, dass die nächste Regierung Kosten für Unternehmen senkt, Milliarden investiert und Bürokratie streicht.",
"Deutschlands Wettbewerbsfähigkeit sei ""im freien Fall"".",
Der ifo-Geschäftsklimaindex ist überraschend stark gesunken - auf den niedrigsten Wert seit der Corona-Rezession 2020.,
Die Konjunkturkrise hat zu deutlich mehr Insolvenzen in Deutschland geführt.,
Die deutsche Chemieindustrie hat in diesem Jahr Umsatz eingebüßt.,
Sie klagt über gestiegene Energiekosten - und dass sich der Staat zu viel einmische.,
Ist der Industriestandort Deutschland angezählt?,
Nach zwei Jahren Stagnation trauen Experten der deutschen Wirtschaft auch 2025 nur wenig zu.,
Was macht Deutschland falsch - und was müsste sich ändern?,
Der Lkw-Verkehr auf deutschen Autobahnen ist im November gesunken.,
Die deutsche Wirtschaft stagniert.,
"Das Statistische Bundesamt beziffert das Reallohn-Plus auf 2,9 Prozent gegenüber dem Vorjahreszeitraum.",
Er ist Deutschlands wichtigstes Konjunkturbarometer:,
Die Stimmung in den Chefetagen der deutschen Unternehmen hat sich im November verschlechtert.,
Die deutsche Wirtschaft ist im dritten Quartal nicht so stark gewachsen wie zunächst prognostiziert.,
Damit schrammt sie dank eines starken Privatkonsums noch knapp an einer Rezession vorbei.,
Die Zahl der Firmenpleiten in Deutschland steigt weiter zweistellig.,
In Deutschland sind im September erneut sehr wenige Baugenehmigungen für Wohnungen erteilt worden.,
"Die ""Wirtschaftsweisen"" haben ihre Wachstumsprognose für das kommende Jahr mehr als halbiert.",
"Die deutsche Wirtschaft soll nur noch um 0,4 Prozent wachsen.",
"Besonders die Kernbranchen der Industrie seien besorgt, so die Wirtschaftsforscher des ifo-Instituts.",
Im Jahr 2023 schreckten die Käuferinnen und Käufer vor Immobilien zurück:,
Besonders Neubaugrundstücke fanden wenige Abnehmer.,
Die deutsche Industrie hat im September deutlich mehr Aufträge erhalten als erwartet.,
Entgegen der Erwartungen ist die deutsche Wirtschaft im dritten Quartal gewachsen.,
Dank der abflauenden Inflation werden die deutschen Verbraucher wieder zuversichtlicher.,
Erstmals seit fast einem halben Jahr hat sich die Stimmung in der deutschen Wirtschaft wieder verbessert.,
Nach vier Rückgängen in Folge ist der Geschäftsklima-Index des ifo-Instituts im Oktober gestiegen.,
Retter in Stade sind besorgt:,
Was droht ihnen in der Silvesternacht im Altländer Viertel?,
Dieser Thailänder trinkt eine ganze Flasche Whiskey in nur wenigen Minuten.,
Bonita Grupp hat AfD-Rechtsaußen Björn Höcke scharf kritisiert.,
Arnstadt – Über die Weihnachtsfeiertage brachen unbekannte Täter in mehrere Gartenlauben in zwei Kleingartenanlagen «Am Dornheimer B...,
Jetzt ziehen die Macher einer anderen Show die Reißleine.,
In den frühen Morgenstunden des 28.12.2024 brachen Unbekannte in einen Netto-Markt in der Pasewalker Straße ein und ...,
"Der Mann wollte auf die Straße einbiegen, übersah den nahenden Audi.",
Dieser Ferrari 250 LM 1965 ist etwas ganz Besonderes.,
Sieben Monaten nach der Attacke hat die Polizei nun Fotos von dem Angreifer veröffentlicht,
Nach dem Abschuss einer Passagiermaschine in Kasachstan gibt Putin eine Erklärung ab.,
Aktuelle Entwicklungen im Nahen Osten lesen Sie im Live-Ticker bei BILD.,
Russlands Krieg gegen die Ukraine:,
Aktuelle Entwicklungen im Live-Ticker von BILD.,
Darts-Star Peter Wright ist krank.,
Trotzdem hustet er sich bei der PDC Darts-WM gegen J...,
"Hachenburg – Ein weißer Opel Corsa wurde zwischen dem 27.12.2024, 17 Uhr, und dem 28.12.2024, 9 Uhr, auf einem Parkplatz in der Lind...",
Die beiden Hollywoodstars trafen sich in einer Kult-Bar in Aspen.,
Jülich – Ein schwerer Verkehrsunfall auf der L253 führte am 27.12.2024 zu zwei Leichtverletzten und erheblichen Sachschäden.,
Der Magdeburger Koch Singh Laly experimentiert mit Chicken-Tikka-Schokolade,
Der Tech-Milliardär Elon Musk mischt erneut im Bundestagswahlkampf mit.,
Das Gladbach-Zeugnis mit allen Details und Hintergründen zur Saison 2024/25 – BILDplus!,
Ein Anwohner-Parkausweis wird immer mehr zum Luxusgut.,
Hunderte Böller-Fans decken sich mit Pyro-Waren für Sylvester ein.,
Kleve – Samstagmorgen schlugen hohe Flammen aus einem Ford-Wohnmobil,
Legende Phil Taylor warnt Darts-Wunderkind Luke Littler vor dem Manchester-United-Syndrom.,
Bengel – Ein Verkehrsunfall ereignete sich am 28.12.2024 gegen 11:10 Uhr in der Koblenzer Straße /,
"B49 in Bengel, bei dem der Unfall...",
"Kristian Sæverås vom HBL-Team SC DHfK Leipzig versucht im Spiel gegen den TSV Hannover-Burgdorf zu retten, was nicht mehr zu retten ...",
Schlechte Nachrichten für alle Beschäftigten in Deutschland!,
Damians Eltern bangen weiter um das Leben ihres Sohnes.,
Der 1. FC Union geht mit einem neuen Trainer ins Jahr 2025.,
Ein Zeuge alarmierte gegen 01:15 Uh...,
Im neuen Jahr warten viele E-Auto-Neuheiten auf uns.,
Im Dezember startet die 2. Staffel von „Match in Paradise”.,
"Scottie Scheffler verletzte sich am ersten Weihnachtsfeiertag, als er ein Essen vorbereitete.",
Scholz ist als kühles Nordlicht bekannt.,
In der 3. Runde der PDC Darts WM trifft Gerwyn Price auf Joe Cullen.,
"Das ZDF hat neue Regeln, über welche Kandidaten zur Bundestagswahl es wie berichtet.",
"Nach 33 Jahren gibt es endlich wieder Eisbären-Nachwuchs, doch das Baby ist in Gefahr.",
Wie gefährlich wird es heute bei der Abfahrt in Bormio?,
Der französische Ski-Verband gibt ein Update zum Zustand von Cyprien Sarrazin.,
34 Jahre Altersunterschied haben Tom Barcal und seine Frau Stefanie.,
Doch wie sicher ist diese Mega-Party?,
Obersachswerfen – Ein 28-jähriger Mazda-Fahrer verlor am 28.12.2024 gegen 02:30 Uhr in Obersachswerfen die Kontrolle über sein Fahrz...,
Nordhausen – Ein 84-jähriger Fahrer verursachte am 28.12.2024 gegen 9 Uhr einen Verkehrsunfall in der Geschwister-Scholl-Straße.,
Girod – Ein schwerer Unfall auf der A3 bei Girod führte zu einem erheblichen Rückstau und einer Vollsperrung der Autobahn.,
Bad Gandersheim – Ein 84-jähriger Autofahrer verlor am Samstagmorgen die Kontrolle über seinen VW Golf und prallte gegen einen Baum....,
Mit den Stimmen der Union hat die verbliebene Regierungskoalition die Speicherumlage auf Gastransite abgeschafft.,
Inländische Gaskunden zahlen dafür im neuen Jahr deutlich mehr.,
Das Morning Briefing erscheint ab 3. Januar wieder wie gewohnt werktags um 6 Uhr.,
Die Gläubiger des Biomethanversorgers müssen mit zwei Hiobsbotschaften in den Weihnachtsurlaub gehen.,
Eon hat für einige Bestandskunden drastisch die Preise erhöht.,
Josef Wolf beendet seine Tätigkeit als Geschäftsführer der Stadtwerke Schwerin.,
Runter mit den Strompreisen: Das wollen CDU und CSU genauso wie SPD und Grüne.,
Ein Blick in die Wahlprogramme zeigt: Nicht immer sind Schwarz und Grün am weitesten voneinander entfernt.,
Nach der Insolvenz des O-Busherstellers Van Hool diskutierte die Stadt Alternativen.,
"Gasnetz, Dortmund, Powercloud: Diese Meldungen haben unsere Leserinnen und Leser 2024 am meisten angesprochen: Ein Rückblick quer durch die kommunale Wirtschaft.",
"Vor den Feiertagen stehen noch einige Ereignisse ein, die den Markt prägen könnten, schreibt Gasexperte Joachim Endress in seiner Kolumne.",
"Günstiger soll es zudem ebenfalls werden, versprechen die Stadtwerke.",
"Im Kurzinterview erläutert Anja Floetenmeyer-Woltmann, strategische Beraterin und Expertin für die Kommunikation zur Wärme- und Mobilitätswende, den Umgang mit Kundinnen und Kunden.",
Die tatsächlichen Netzengpassmanagement-Kosten für dieses Jahr dürften über die Hälfte niedriger sein als noch 2023 angenommen.,
"Verbandschefin Andreae findet angesichts kurzzeitiger Strompreisspitzen in der vergangenen Woche: ""Das ist Markt"".",
Auch zur Debatte um das Gebäudeenergiegesetz hat sie eine klare Meinung.,
"Motivationsschub für die Mitarbeitenden, Erweiterung des Netzwerks, viel öffentliche Wertschätzung: Der Zweckverband Jena Wasser hat in vielfältiger Weise von der Auszeichnung profitiert.",
"2024 wird der Energieverbrauch in Deutschland ""mit großer Wahrscheinlichkeit"" auf einen neuen Tiefstand fallen – das schätzt die Arbeitsgemeinschaft Energiebilanzen.",
"Nach einem herausfordernden Jahr hat Powerfox Investoren gefunden, die den Neustart ermöglichen.",
Im Interview sprechen die Gründer über die Zukunft der Metering-Branche und die Hindernisse für Start-ups in der Energiebranche.,
Der Branchenverband VDV nennt Schmerzpunkte des Nahverkehrs:,
Außerdem: Wie sich die amerikanische Energielandschaft unter Trump ändern könnte.,
Inmitten der Winterperiode agiert der Gasmarkt seit Monatsbeginn bearish.,
"Damit das Vorhaben noch vor Neuwahlen den Bundestag passieren kann, gibt es eine abgespeckte Version.",
"Der Bundesgerichtshof deutet an, bei der Eigenkapitalverzinsung im Sinne der Bundesnetzagentur zu entscheiden.",
Maul konzentriert sich auf Aachen.,
Die Thüringer Energie AG ist bisher ausschließlich als Minderheitsgesellschafter bei über 20 Kommunalversorgern beteiligt.,
In Zeulenroda ist das anders.,
Geht noch ein Ruck durch das politische Berlin?,
EnBW stattet Globus-Markt,
Eschborn mit 40 Hochleistungsladepunkten,
Hinzu kommen einige Tesla-Supercharger.,
Im Interview äußern Eva Weikl von Badenova Netze und Stephan Nagl von der Thüga ihre Erwartungen an die künftige Netzregulierung.,
Seit Jahren sorgen die städtischen Bäder für Millionenverluste.,
"Die Vorteile des steuerlichen Querverbunds seien inzwischen aufgebraucht, sagt Stadtwerkevorstand Andreas Schwarze.",
"SPD, Grüne und Union machen den Weg für die Auszahlung der Regionalisierungsmittel frei.",
Die ÖPNV-Branche lobt und mahnt.,
"Konrad Schade, Chief Commercial Officer und Managing Director des digitalen Ökostromanbieters Rabot Energy, erklärt sein Geschäftsmodell und warum es nicht unbedingt Smart Meter dazu braucht.",
In Köln entsteht eine Flusswasser-Wärmepumpe für 50.000 Haushalte.,
Bauaufträge in Millionenhöhe hat Rheinenergie jetzt vergeben.,
Der Aufsichtsrat hat sich von Geschäftsführer Trautmann getrennt.,
SPD und Grüne fordern eine Fernwärme-Preisaufsicht – zur Freude der Verbraucherschützer.,
Inzwischen gibt es erste Schätzungen über das Ausmaß des finanziellen Schadens.,
"Die Branche hofft seit Wochen darauf, dass der Bundestag das PV-Spitzen-Paket noch verabschiedet.",
In Erlangen scheidet der kaufmännische Vorstand in einigen Monaten aus.,
Die Nachfolge hat das Unternehmen jetzt schon geregelt.,
"Auf dem ""Fast Lane Summit"" diskutieren Fachleute über die Zukunft des Ladens und die veränderten Wünsche der Kunden.",
Die Energieversorgung Mittelrhein verbessert die Datenübertragung im Stromnetz.,
Dafür unterquert sie sogar den Rhein.,
"Niedersachsens Energieminister Meyer sagt, Deutschland brauche keinen zusätzlichen Bau von LNG-Terminals.",
Die geplante Pause für das Terminal in Wilhelmshaven sei eine gute Nachricht.,
"Niedrigere Stromsteuer und Netzentgelte, Rückenwind für KWK und Wasserstoff, Abschaffung des ""Heizungsgesetzes"":",
Am Dienstag wollen CDU und CSU ihr Programm für die Bundestagswahl verabschieden.,
Die Hamburger Energienetze (ehemals Stromnetz Hamburg) haben mit Stromnetz Berlin und der Edis Netz den sogenannten „Netzführerschein“ entwickelt.,
Susan Zetzmann steht seit fast zehn Jahren an der Spitze des Bäderbetriebes.,
Nun will sie sich neuen beruflichen Herausforderungen außerhalb Thüringens stellen.,
Die zuletzt vorgelegte Version hatte die Gräben zwischen Verbraucherschützern und Versorgern vergrößert statt verkleinert.,
Davor warnt der Bund der Wasserstoffregionen und appelliert an die Politik.,
Besonders Besitzerinnen und Besitzer von Eigenheimen brauchen Alternativen.,
Daniel Baumkötter übernimmt vom scheidenden technischen Betriebsleiter Patrick Hasenkamp.,
Michael Malkmus soll im kommenden Jahr Nachfolger von Carsten Linne werden.,
Auf Linne wartet ein für die Stadtwerke zentrales Großprojekt.,
"Die Zeit drängt also, zumal viele technische Fragen offen sind.",
Das Kieler Projekt hat jetzt ein hohe Förderung erhalten.,
Ostrom integriert die Steuerung der Viessmann Wärmepumpen in seine App.,
Der Wirtschaftsminister beschwichtigt mit Blick auf Preisausschläge von mehr als 900 Euro pro MWh.,
"Die FDP nennt das Scheitern des Vorhabens eine ""Katastrophe"".",
Auch aus der SPD kommen kritische Töne.,
Rheinland-Pfalz will sich Offshore-Windräder auf die eigenen Ausbauziele anrechnen lassen ‒ obwohl es nicht am Meer liegt.,
"MVV-Vorstandschef Georg Müller verteidigt die Ankündigung zur Stilllegung der Netze für 2035, lässt aber eine Hintertür offen.",
Einheitlich zehn Cent pro Kubikmeter werden erhoben.,
"Die Preise fallen auf den tiefsten Stand seit Mitte November, schreibt Gasexperte Joachim Endress in seiner Kolumne.",
Die Kommunalabwasserrichtinie wurde am Donnerstag im Amtsblatt der Europäischen Union veröffentlicht.,
Hamburg verzeichnete einen Regen- und einen Wärmerekord.,
Wasser-Chef Ingo Hannemann zog Bilanz.,
An der Spitze der Telekommunikationstochter der Stadtwerke Bielefeld und Gütersloh gibt es einen Wechsel.,
"Der bisherige Chef, Sven Berg, bekommt bei den Stadtwerken Bielefeld eine neue Aufgabe.",
Die ZfK hat sich in der Branche umgehört.,
"Die Neuwahl wurde nötig, weil Christian Heine, Chef der Hamburger Energiewerke, das Unternehmen zum Jahresende verlässt.",
Sein Nachfolger ist Chef der Stadtwerke Neumünster.,
Was genau zeichnet die Stadtwerke Hilden aus?,
Eine moderne Image- und Rekruiting-Kampagne macht sie sichtbar.,
Das Land fördert nach Geothermie und Co. eine weitere Energiewende-Technologie.,
Ministerin Neubaur will unter anderem mit Bürokratieabbau die Nutzung von Speichern stärken.,
"Während die Strompreise in einzelnen Stunden Richtung 1000 Euro je MWh steigen, gibt der Vizekanzler sein Großprojekt auf.",
Er zeigt eine erstaunliche Flexibilität von Habecks Wirtschaftsministerium.,
"Batteriespeicher können dazu beitragen, das Stromnetz zu stabilisieren.",
Energiewende für alle: Das neue Start-up der EnBW-Tochter Enpulse namens Okka Energy bietet Privatkunden einen flexiblen Stromtarif in Kombination mit einer Beteiligungsoption an virtuellen Kraftwerken.,
In der Kleinstadt in Mecklenburg-Vorpommern bereiten Kunden eine Klage gegen den Versorger vor.,
Der Leiter Strategie & Transformation verlässt DEW21 auf eigenen Wunsch.,
"Seit einiger Zeit sieht sich der Hamburger Versorger mit Vorwürfen konfrontiert, die Investitionen in ein Projekt auf seinem Klärwerk zu niedrig angegeben zu haben.",
EVP-Fraktion fordert eine technologieoffene Lösung.,
"Und eine Deloitte-Studie zeigt, wer der EU-Regelung besonders kritisch gegenüber steht.",
"Derweil wird immer klarer, welche Auswirkungen die Dunkelflaute im November hatte.",
Interne Umstände wie fehlendes Know-how bremsen die digitale Transformation mehr aus als externe Faktoren.,
Das Bundesamt für Sicherheit in der Informationstechnik (BSI) hat festgestellt:,
Die Politik müsse technologieoffener werden und den Einsatz von E-Fuels und non-fossilem Dieselkraftstoff aus Abfallstoffen im Wärmemarkt ermöglichen.,
"Ein solcher Ansatz sei einfach und günstig, so der Verband der Energiehändler.",
Amina Karam verantwortet ab dem 1. Januar 2025 den Infrastruktur-Bereich bei Deutschlands größtem Nahverkehrsunternehmen.,
Sie folgt auf Christian Beckmann.,
"Jahrelang galt die CO2-Speicherung als rotes Tuch, dann gelang der Bundesregierung der Durchbruch.",
"Auf einer Veranstaltung in Berlin diskutierten Experten, wie das alles finanziert werden kann.",
"Haushalte mit Wärmepumpe, Homespeicher oder Wallbox haben ein überdurchschnittliches Interesse an dynamischen Tarifen.",
Das ergibt eine Civey-Umfrage von Naturstrom.,
Aik Wirsbinna wird Mitgeschäftsführer des Versorgers.,
Er ist seit 2019 Bereichsleiter Vertrieb und Kundenservices bei den Stadtwerken und zudem Prokurist.,
Dafür kooperiert Badenova mit Wüstenrot und Volksbank.,
"Die spanische Hauptstadt eröffnet Europas erste Wasserstofftankstelle für Busse, die den kompletten Kreislauf abdeckt.",
Für viele Stadtwerke böte das Gesetzespaket eine Verbesserung.,
Durch einen Fonds mit der NRW-Bank soll das Planungsrisiko für die Projekte minimiert werden.,
Die Bundesregierung präsentiert ihre Strategie für autonome Mobilität und rückt dabei den ÖPNV ins Zentrum.,
"Ein Forscherteam hat im Projekt ""Hypat"" einen globalen Wasserstoff-Potenzialatlas erstellt.",
"Er zeigt unter anderem, wo sich Wasserstoff besonders günstig herstellen lässt.",
Der diplomierte Elektrotechniker ist bereits seit dem 1. September 2017 Technischer Vorstand der Wemag.,
"Die ""Welt am Sonntag"" bringt einen Gastbeitrag von Techmilliardär Elon Musk zur Bundestagswahl.",
Eltern können diese Phasen anhand von intrinsischer Motivation nutzen.,
Han Kang spricht zum ersten Mal nach der Nobelpreisverleihung in einem Interview – auch über den Staatsstreichversuch in ihrer Heimat.,
Beim Landeversuch der aserbaidschanischen Passagiermaschine in Grosny war Wladimir Putin zufolge die russische Luftabwehr aktiv.,
Der Schachweltmeister hat in New York einen Eklat ausgelöst.,
"Carlsen war aufgefordert worden, sich umzuziehen.",
"Wofür eignet sich diese Zeit besonders gut?""",
"Der Support für Windows 10 läuft in einigen Monaten ab, der Computer kann aber nicht auf Windows 11 upgedatet werden – was tun?",
Antworten auf die wichtigsten Fragen.</p>,
Der russische Präsident wendet sich nach dem mutmaßlichen Abschuss einer Passagiermaschine von Azerbaijan Airlines direkt an den aserbaidschanischen Präsidenten.,
"An Silvester gehören Sekt, Wein und Schnaps ganz selbstverständlich dazu.",
"Sechs trockene Alkoholiker erzählen, wie sie früher versucht haben, ihre Sucht zu verheimlichen, wie sie nun Partys erleben - und was sie machen, wenn sie eine Flasche Champagner geschenkt",
Nach Angaben der Weltgesundheitsorganisation handelt es sich bei den Beschwerden um eine Mischung aus Malaria und verschiedenen Atemwegserkrankungen.,
2024 blieben die meisten bayerischen Eltern beim Bewährten.</p>,
Im Sommer geriet Deutschlands führender Agrarhändler an den Rand der Zahlungsunfähigkeit.,
Der Preis der Rettung ist die Schrumpfung.</p>,
"Die von der Hamas kontrollierte Gesundheitsbehörde im Gazastreifen wirft dem israelischen Militär vor, einen Krankenhausdirektor festgenommen und einen Brand in einer Klinik gelegt zu haben.",
Letzteres dementiert Israel.</p>,
Nach dem Haftbefehl gegen Israels Premier Netanjahu sieht sich der Internationale Strafgerichtshof selbst in seiner Existenz bedroht.,
"Die US-Republikaner unter Donald Trump bereiten Sanktionen vor,",
Im vergangenen Jahr starben in Bayern so viele Menschen durch Polizeikugeln wie seit Langem nicht.,
die der Polizei Sorgen macht.</p>,
Im dritten Jahr in Folge liegen Emilia und Noah im Ranking der beliebtesten Babynamen in Deutschland vorne.,
Der Skisprung-Kalender 2024/25 mit allen Wettkämpfen im Überblick.</p>,
Der französische Skirennfahrer stürzt im Abfahrtstraining in Bormio.,
Eine Operation ist laut dem französischen Verband „gut verlaufen“.,
"Andere Fahrer kritisieren den Zustand der Piste, auf der 2026 Olympia-Rennen stattfinden sollen.</p",
Péter Bujdosó hat sich mit dem „Peet and the Flat White“ seinen Traum vom Brunch-Café erfüllt.,
"Sein Menü soll sich von dem unterscheiden, was man sonst in Münchens Cafés findet.</p>",
Nach dem Tod eines Häftlings veröffentlichen die Behörden im US-Bundesstaat New York Videomaterial von Misshandlungen durch Justizvollzugsangestellte.,
Im April 2023 bricht ein blutiger Bürgerkrieg zweier Militärführer im Sudan aus.,
In allein fünf Gebieten des Landes sind Zivilisten von einer Hungersnot betroffen.,
Die Ukraine ist den russischen Angreifern nach wie vor zahlenmäßig unterlegen.,
"Da Moskau alles in den Krieg wirft, was es hat, bleibt Kiew nur eine möglichst effiziente Verteidigung.",
Laut Kiew werden unbemannte Systeme weiter ausgebaut.,
"In der ""Welt"" bekommt Tech-Milliardär Musk die Möglichkeit, seine Wahlwerbung für die AfD ausführlich zu erklären.",
Bei einem Flugzeugabsturz in Kasachstan sterben 38 Menschen.,
Jetzt entschuldigt sich der Kremlchef und spricht von ukrainischen Angriffen.,
Wegen zunehmender Anfeindungen beenden die CDU-Politiker Magwas und Wanderwitz ihre politische Karriere im Bundestag.,
Parlamentsvizin Göring-Eckardt bedauert den Abgang ihrer Kollegen.,
"Sie aber ließe sich von Drohungen nicht abhalten, erneut für den Bundestag zu kandidieren.",
Im Oktober bringt das Regierungsbündnis des türkischen Präsidenten Erdogan überraschend eine Freilassung des inhaftierten PKK-Chefs Öcalan ins Spiel - wohl nicht ohne Hintergedanken.,
Zum zweiten Mal innerhalb kurzer Zeit soll der Ukraine ein erfolgreicher Schlag gegen russische Offiziere gelungen sein.,
"Die dafür verantwortliche Waffe, die genannt wird, setzt Kiew bereits seit Jahren erfolgreich ein.",
Offenbar will der designierte US-Präsident Trump eine private Nachricht an Tech-Milliardär Musk schicken.,
Nur veröffentlicht er sie mutmaßlich versehentlich auf seiner Social-Media-Plattform.,
Der Beitrag gibt auch Auskunft über ein angebliches Treffen mit einem anderen reichen Mann.,
Florian Hahn ist überzeugt:,
Auf dem Schlachtfeld der Zukunft sind Drohnen unabdingbar.,
"Die Bundeswehr verfügt aber nur über eine mittlere dreistellige Anzahl, wie der CSU-Verteidigungsexperte im Interview kritisiert.",
"Deutschland muss ""dringend gegensteuern"".",
"Nichts deutet derzeit darauf hin, dass Russland zu einem Frieden bereit ist und einem Kompromiss zu westlichen Friedenstruppen zustimmen würde.",
"Auch CDU-Chef Merz hat aktuell wenig Hoffnung, er würde sich eine Einigung mit Moskau aber wünschen.",
Mehrere nordkoreanische Soldaten geraten in ukrainische Kriegsgefangenschaft.,
"Allerdings habe keiner von ihnen die schweren Verwundungen überlebt, erklärt Präsident Selenskyj.",
"Er appelliert an China, auf das Regime in Pjöngjang einzuwirken und das Sterben zu beenden.",
Das Selbstlob von Kanzler Scholz zu den deutschen Waffenhilfen für die Ukraine will Kiews Ex-Botschafter nicht gelten lassen.,
Der Etat sinke ab 2025 kontinuierlich.,
Daher setzt Melnyk auf einen Kurswechsel der nächsten Bundesregierung.,
Während seiner ersten Amtszeit führte Trump einen Feldzug gegen Tiktok.,
Einen Tag vor seinem Amtsantritt droht der chinesischen App ein Verbot in den USA.,
"Nun beantragt der künftige US-Präsident eine Fristverlängerung beim Supreme Court, um eine politische Lösung zu finden.",
Müssen Kassenpatienten wirklich länger auf Termine warten als Privatversicherte?,
Kassenarztchef Gassen hält die ganze Debatte für Stimmungsmache.,
Der SPD wirft er ein Ablenkungsmanöver vom eigenen Versagen vor.,
Mit einer Podcast-Aussage über den Charakter des Bundeskanzlers sorgt die Grünen-Politikerin Paula Piechotta für Unmut bei den Sozialdemokraten.,
"Sie entschuldigt sich, beharrt aber darauf, dass sie nur die vorherrschende Meinung innerhalb der SPD über Scholz zitiert habe.",
Für eine Zeit nach der Ära Scholz streckt SPD-Fraktionschef Mützenich schon einmal die Fühler Richtung Union und FDP aus.,
"Beim Bürgergeld würden die Sozialdemokraten im Falle einer Regierungsbeteiligung ""nachsteuern"", bietet er an.",
Und auch mit Lindner wolle man eine neuerliche Zusammenarbeit nicht ausschließen.,
"Während der ehemalige syrische Machthaber Assad in Moskau Asyl gefunden hat, sind seine Verwandten vielfach noch auf der Flucht.",
"Einem als Kriegsverbrecher gesuchten Onkel gelingt die Ausreise, doch dessen Schwiegertochter und Enkelin werden auf dem Flughafen von Beirut verhaftet.",
Moskau setzt im Kampf um Kursk auch auf nordkoreanische Soldaten - rund 10.000 sollen bereits entsandt worden sein.,
Laut den USA bezahlen etliche Nordkoreaner diesen Einsatz mit ihrem Leben.,
"Ihre Militärführer würden sie in ""hoffnungslose Angriffe"" gegen die Ukrainer schicken.",
Eine italienische Journalistin reist mit Arbeitsvisum in den Iran und führt eine Reihe Interviews.,
"Dass der britische Premier Keir Starmer mit seinem jüngeren Bruder Nick ein inniges Verhältnis hatte, ist bekannt.",
"Nun muss der Labour-Chef den Tod des Mannes verkraften, der ihm so nahe war und doch ein ganz anderes Leben führte.",
Eine der wenigen verbliebenen Kliniken im Norden Gazas steht im Fokus des israelischen Militärs:,
Seit dem Morgen sind die IDF im Kamal-Adwan-Krankenhaus im Einsatz.,
Dem Militär zufolge ist es eine Hochburg der Hamas.,
Palästinenser sprechen von Brandlegung und Zwangs-Evakuierungen.,
Ein Bericht aus den USA über eine angeblich drohende Hungersnot im Gazastreifen sorgt für großen Wirbel.,
Washingtons Botschafter in Israel hält die Daten für überholt.,
Kritik kommt von Human Rights Watch.,
CDU-Chef Merz fordert nach dem Attentat von Magdeburg eine harte Hand in der Migrationspolitik.,
"Der Täter zeige, dass ""Konflikte auf deutschem Boden ausgetragen"" würden, ""die wir ganz einfach nicht dulden können"".",
Was geschah mit dem Unglücksflug J2-8243 von Aserbaidschan Airlines über Grosny?,
"Äußere Einflüsse sind für den Absturz der Maschine verantwortlich, spricht aber nicht von einem russischen Abschuss.",
Die russische Luftfahrtbehörde bleibt in ihrer Erklärung vage.,
"Anfang Dezember erntet FDP-Chef Lindner Kritik, nachdem er für einen Politikstil wie den des Trump-Beraters Musk wirbt.",
"In einem Interview legt Bundesverkehrsminister Wissing nach und deutet an, dass sein persönliches Zerwürfnis mit Lindner bereits Jahre zurückliegt.",
"Rund eine Woche nach dem Attentat auf dem Magdeburger Weihnachtsmarkt steht die Frage im Fokus, ob es seitens der Behörden Versäumnisse gegeben hat.",
Zudem plädiert er für eine Sicherheitsreform - und spricht die Union an.,
"Scholz ist ein Dummkopf und die AfD die Rettung Deutschlands - sagt der amerikanische Chef von X, kurz bevor Deutschland einen neuen Bundestag wählt.",
Jetzt soll die EU eingreifen.,
Zwei Wochen nach dem Angriff von jugendlichen Rechtsextremisten auf zwei SPD-Politiker und zwei Polizisten in Berlin ermittelt die Polizei gegen insgesamt acht Verdächtige im Alter von 15 bis 21 Jahren.,
"Bundespräsident Steinmeier hat den Bundestag für aufgelöst erklärt, um den Weg für die Neuwahl freizumachen.",
Die Altersvorsorge dürfte also Wahlkampfthema werden.,
Mit welchen Renten-Ideen werben die Parteien?,
"Aktenordner statt digitalem Management, neue Vorschriften statt weniger Bürokratie: Wenn eine neue Bundesregierung das nicht endlich anpacke, drohe ein ""Kollaps der öffentlichen Verwaltung"", warnt der Nationale Normenkontrollrat.",